{"cameraMode":{"drawMode":0,"name":"Shaded","section":"Shading Mode"},"sceneLighting":false,"audioPlay":false,"sceneViewState":{"m_AlwaysRefresh":false,"showFog":true,"showSkybox":false,"showFlares":true,"showImageEffects":true,"showParticleSystems":true,"showVisualEffectGraphs":true,"m_FxEnabled":true},"in2DMode":false,"pivot":{"x":0.0003049299120903015,"y":0.048865679651498798,"z":0.023015402257442476},"rotation":{"x":-0.05228685215115547,"y":0.8401376605033875,"z":0.08236871659755707,"w":0.5335756540298462},"size":28.02431869506836,"orthographic":true}