{"cameraMode":{"drawMode":0,"name":"Shaded","section":"Shading Mode"},"sceneLighting":false,"audioPlay":false,"sceneViewState":{"m_AlwaysRefresh":false,"showFog":true,"showSkybox":false,"showFlares":true,"showImageEffects":true,"showParticleSystems":true,"showVisualEffectGraphs":true,"m_FxEnabled":true},"in2DMode":false,"pivot":{"x":0.0003049299120903015,"y":0.05248655006289482,"z":0.000054195523262023926},"rotation":{"x":-0.007400650531053543,"y":0.9921872615814209,"z":-0.10134135186672211,"w":-0.0727301836013794},"size":0.8023895025253296,"orthographic":true}