{"cameraMode":{"drawMode":0,"name":"Shaded","section":"Shading Mode"},"sceneLighting":false,"audioPlay":false,"sceneViewState":{"m_AlwaysRefresh":false,"showFog":true,"showSkybox":false,"showFlares":true,"showImageEffects":true,"showParticleSystems":true,"showVisualEffectGraphs":true,"m_FxEnabled":true},"in2DMode":false,"pivot":{"x":0.0004278123378753662,"y":0.2361830770969391,"z":-0.0024713873863220217},"rotation":{"x":-0.007763218134641647,"y":0.9912166595458984,"z":-0.11327607184648514,"w":-0.06817621737718582},"size":0.49764105677604678,"orthographic":true}