{"cameraMode":{"drawMode":0,"name":"Shaded","section":"Shading Mode"},"sceneLighting":false,"audioPlay":false,"sceneViewState":{"m_AlwaysRefresh":false,"showFog":true,"showSkybox":false,"showFlares":true,"showImageEffects":true,"showParticleSystems":true,"showVisualEffectGraphs":true,"m_FxEnabled":true},"in2DMode":false,"pivot":{"x":-0.06707911193370819,"y":0.8148095011711121,"z":0.31622856855392458},"rotation":{"x":-0.18642635643482209,"y":-0.1128980815410614,"z":0.02153753489255905,"w":-0.9757283926010132},"size":1.1920552253723145,"orthographic":false}