{"cameraMode":{"drawMode":0,"name":"Shaded","section":"Shading Mode"},"sceneLighting":false,"audioPlay":false,"sceneViewState":{"m_AlwaysRefresh":false,"showFog":true,"showSkybox":false,"showFlares":true,"showImageEffects":true,"showParticleSystems":true,"showVisualEffectGraphs":true,"m_FxEnabled":true},"in2DMode":false,"pivot":{"x":0.038154542446136478,"y":0.22019755840301515,"z":1.935524821281433},"rotation":{"x":0.10770350694656372,"y":0.7489952445030212,"z":-0.12568973004817964,"w":0.6416065096855164},"size":2.6768109798431398,"orthographic":true}