{"cameraMode":{"drawMode":0,"name":"Shaded","section":"Shading Mode"},"sceneLighting":true,"audioPlay":false,"sceneViewState":{"m_AlwaysRefresh":false,"showFog":true,"showSkybox":true,"showFlares":true,"showImageEffects":true,"showParticleSystems":true,"showVisualEffectGraphs":true,"m_FxEnabled":true},"in2DMode":false,"pivot":{"x":-49.28241729736328,"y":16.396087646484376,"z":76.96600341796875},"rotation":{"x":0.01824089139699936,"y":0.1351420134305954,"z":-0.002250425983220339,"w":0.9907577633857727},"size":128.67030334472657,"orthographic":true}